Pollutant:,CO2,Unit: grams of CO2,,,,,,,,,,,,,,,,,,,,,,,,,,,,,,,,,,
,2015.0,2016.0,2017.0,2018.0,2019.0,2020.0,2021.0,2022.0,2023.0,2024.0,2025.0,2026.0,2027.0,2028.0,2029.0,2030.0,2031.0,2032.0,2033.0,2034.0,2035.0,2036.0,2037.0,2038.0,2039.0,2040.0,2041.0,2042.0,2043.0,2044.0,2045.0,2046.0,2047.0,2048.0,2049.0,2050.0
agriculture and forestry 01T03,0.0,0.0,0.0,0.0,0.0,14863547090.9706,16246200877.707079,17628854664.443558,17628854664.443558,17628854664.443558,17628854664.443558,17628854664.443558,17628854664.443558,17628854664.443558,17628854664.443558,17628854664.443558,17628854664.443558,17628854664.443558,17628854664.443558,17628854664.443558,17628854664.443558,17628854664.443558,17628854664.443558,17628854664.443558,17628854664.443558,17628854664.443558,17628854664.443558,17628854664.443558,17628854664.443558,17628854664.443558,17628854664.443558,17628854664.443558,17628854664.443558,17628854664.443558,17628854664.443558,17628854664.443558
coal mining 05,0.0,0.0,0.0,0.0,0.0,18883417591.48275,21131856825.877953,22303482288.84899,22303482288.84899,22303482288.84899,22303482288.84899,22303482288.84899,22303482288.84899,22303482288.84899,22303482288.84899,22303482288.84899,22303482288.84899,22303482288.84899,22303482288.84899,22303482288.84899,22303482288.84899,22303482288.84899,22303482288.84899,22303482288.84899,22303482288.84899,22303482288.84899,22303482288.84899,22303482288.84899,22303482288.84899,22303482288.84899,22303482288.84899,22303482288.84899,22303482288.84899,22303482288.84899,22303482288.84899,22303482288.84899
oil and gas extraction 06,0.0,0.0,0.0,0.0,0.0,4071825864815.538,3831093551191.269,4035313409054.5967,4035313409054.5967,4035313409054.5967,4035313409054.5967,4035313409054.5967,4035313409054.5967,4035313409054.5967,4035313409054.5967,4035313409054.5967,4035313409054.5967,4035313409054.5967,4035313409054.5967,4035313409054.5967,4035313409054.5967,4035313409054.5967,4035313409054.5967,4035313409054.5967,4035313409054.5967,4035313409054.5967,4035313409054.5967,4035313409054.5967,4035313409054.5967,4035313409054.5967,4035313409054.5967,4035313409054.5967,4035313409054.5967,4035313409054.5967,4035313409054.5967,4035313409054.5967
other mining and quarrying 07T08,0.0,0.0,0.0,0.0,0.0,0.0,0.0,0.0,0.0,0.0,0.0,0.0,0.0,0.0,0.0,0.0,0.0,0.0,0.0,0.0,0.0,0.0,0.0,0.0,0.0,0.0,0.0,0.0,0.0,0.0,0.0,0.0,0.0,0.0,0.0,0.0
food beverage and tobacco 10T12,0.0,0.0,0.0,0.0,0.0,0.0,0.0,0.0,0.0,0.0,0.0,0.0,0.0,0.0,0.0,0.0,0.0,0.0,0.0,0.0,0.0,0.0,0.0,0.0,0.0,0.0,0.0,0.0,0.0,0.0,0.0,0.0,0.0,0.0,0.0,0.0
textiles apparel and leather 13T15,0.0,0.0,0.0,0.0,0.0,0.0,0.0,0.0,0.0,0.0,0.0,0.0,0.0,0.0,0.0,0.0,0.0,0.0,0.0,0.0,0.0,0.0,0.0,0.0,0.0,0.0,0.0,0.0,0.0,0.0,0.0,0.0,0.0,0.0,0.0,0.0
wood products 16,0.0,0.0,0.0,0.0,0.0,0.0,0.0,0.0,0.0,0.0,0.0,0.0,0.0,0.0,0.0,0.0,0.0,0.0,0.0,0.0,0.0,0.0,0.0,0.0,0.0,0.0,0.0,0.0,0.0,0.0,0.0,0.0,0.0,0.0,0.0,0.0
pulp paper and printing 17T18,0.0,0.0,0.0,0.0,0.0,0.0,0.0,0.0,0.0,0.0,0.0,0.0,0.0,0.0,0.0,0.0,0.0,0.0,0.0,0.0,0.0,0.0,0.0,0.0,0.0,0.0,0.0,0.0,0.0,0.0,0.0,0.0,0.0,0.0,0.0,0.0
refined petroleum and coke 19,0.0,0.0,0.0,0.0,0.0,0.0,0.0,0.0,0.0,0.0,0.0,0.0,0.0,0.0,0.0,0.0,0.0,0.0,0.0,0.0,0.0,0.0,0.0,0.0,0.0,0.0,0.0,0.0,0.0,0.0,0.0,0.0,0.0,0.0,0.0,0.0
chemicals 20,0.0,0.0,0.0,0.0,0.0,249704570495.93582,264272054615.53195,285009299283.41095,285009299283.41095,285009299283.41095,285009299283.41095,285009299283.41095,285009299283.41095,285009299283.41095,285009299283.41095,285009299283.41095,285009299283.41095,285009299283.41095,285009299283.41095,285009299283.41095,285009299283.41095,285009299283.41095,285009299283.41095,285009299283.41095,285009299283.41095,285009299283.41095,285009299283.41095,285009299283.41095,285009299283.41095,285009299283.41095,285009299283.41095,285009299283.41095,285009299283.41095,285009299283.41095,285009299283.41095,285009299283.41095
rubber and plastic products 22,0.0,0.0,0.0,0.0,0.0,0.0,0.0,0.0,0.0,0.0,0.0,0.0,0.0,0.0,0.0,0.0,0.0,0.0,0.0,0.0,0.0,0.0,0.0,0.0,0.0,0.0,0.0,0.0,0.0,0.0,0.0,0.0,0.0,0.0,0.0,0.0
glass and glass products 231,0.0,0.0,0.0,0.0,0.0,0.0,0.0,0.0,0.0,0.0,0.0,0.0,0.0,0.0,0.0,0.0,0.0,0.0,0.0,0.0,0.0,0.0,0.0,0.0,0.0,0.0,0.0,0.0,0.0,0.0,0.0,0.0,0.0,0.0,0.0,0.0
cement and other nonmetallic minerals 239,0.0,0.0,0.0,0.0,0.0,699672198001.0416,658292167224.86,771097007646.6685,771097007646.6685,771097007646.6685,771097007646.6685,771097007646.6685,771097007646.6685,771097007646.6685,771097007646.6685,771097007646.6685,771097007646.6685,771097007646.6685,771097007646.6685,771097007646.6685,771097007646.6685,771097007646.6685,771097007646.6685,771097007646.6685,771097007646.6685,771097007646.6685,771097007646.6685,771097007646.6685,771097007646.6685,771097007646.6685,771097007646.6685,771097007646.6685,771097007646.6685,771097007646.6685,771097007646.6685,771097007646.6685
iron and steel 241,0.0,0.0,0.0,0.0,0.0,0.0,0.0,0.0,0.0,0.0,0.0,0.0,0.0,0.0,0.0,0.0,0.0,0.0,0.0,0.0,0.0,0.0,0.0,0.0,0.0,0.0,0.0,0.0,0.0,0.0,0.0,0.0,0.0,0.0,0.0,0.0
other metals 242,0.0,0.0,0.0,0.0,0.0,0.0,0.0,0.0,0.0,0.0,0.0,0.0,0.0,0.0,0.0,0.0,0.0,0.0,0.0,0.0,0.0,0.0,0.0,0.0,0.0,0.0,0.0,0.0,0.0,0.0,0.0,0.0,0.0,0.0,0.0,0.0
metal products except machinery and vehicles 25,0.0,0.0,0.0,0.0,0.0,0.0,0.0,0.0,0.0,0.0,0.0,0.0,0.0,0.0,0.0,0.0,0.0,0.0,0.0,0.0,0.0,0.0,0.0,0.0,0.0,0.0,0.0,0.0,0.0,0.0,0.0,0.0,0.0,0.0,0.0,0.0
computers and electronics 26,0.0,0.0,0.0,0.0,0.0,0.0,0.0,0.0,0.0,0.0,0.0,0.0,0.0,0.0,0.0,0.0,0.0,0.0,0.0,0.0,0.0,0.0,0.0,0.0,0.0,0.0,0.0,0.0,0.0,0.0,0.0,0.0,0.0,0.0,0.0,0.0
appliances and electrical equipment 27,0.0,0.0,0.0,0.0,0.0,0.0,0.0,0.0,0.0,0.0,0.0,0.0,0.0,0.0,0.0,0.0,0.0,0.0,0.0,0.0,0.0,0.0,0.0,0.0,0.0,0.0,0.0,0.0,0.0,0.0,0.0,0.0,0.0,0.0,0.0,0.0
other machinery 28,0.0,0.0,0.0,0.0,0.0,0.0,0.0,0.0,0.0,0.0,0.0,0.0,0.0,0.0,0.0,0.0,0.0,0.0,0.0,0.0,0.0,0.0,0.0,0.0,0.0,0.0,0.0,0.0,0.0,0.0,0.0,0.0,0.0,0.0,0.0,0.0
road vehicles 29,0.0,0.0,0.0,0.0,0.0,0.0,0.0,0.0,0.0,0.0,0.0,0.0,0.0,0.0,0.0,0.0,0.0,0.0,0.0,0.0,0.0,0.0,0.0,0.0,0.0,0.0,0.0,0.0,0.0,0.0,0.0,0.0,0.0,0.0,0.0,0.0
nonroad vehicles 30,0.0,0.0,0.0,0.0,0.0,0.0,0.0,0.0,0.0,0.0,0.0,0.0,0.0,0.0,0.0,0.0,0.0,0.0,0.0,0.0,0.0,0.0,0.0,0.0,0.0,0.0,0.0,0.0,0.0,0.0,0.0,0.0,0.0,0.0,0.0,0.0
other manufacturing 31T33,0.0,0.0,0.0,0.0,0.0,0.0,0.0,0.0,0.0,0.0,0.0,0.0,0.0,0.0,0.0,0.0,0.0,0.0,0.0,0.0,0.0,0.0,0.0,0.0,0.0,0.0,0.0,0.0,0.0,0.0,0.0,0.0,0.0,0.0,0.0,0.0
energy pipelines and gas processing 352T353,0.0,0.0,0.0,0.0,0.0,203548886173.72653,191514777660.47754,201723643653.9451,201723643653.9451,201723643653.9451,201723643653.9451,201723643653.9451,201723643653.9451,201723643653.9451,201723643653.9451,201723643653.9451,201723643653.9451,201723643653.9451,201723643653.9451,201723643653.9451,201723643653.9451,201723643653.9451,201723643653.9451,201723643653.9451,201723643653.9451,201723643653.9451,201723643653.9451,201723643653.9451,201723643653.9451,201723643653.9451,201723643653.9451,201723643653.9451,201723643653.9451,201723643653.9451,201723643653.9451,201723643653.9451
water and waste 36T39,0.0,0.0,0.0,0.0,0.0,0.0,0.0,0.0,0.0,0.0,0.0,0.0,0.0,0.0,0.0,0.0,0.0,0.0,0.0,0.0,0.0,0.0,0.0,0.0,0.0,0.0,0.0,0.0,0.0,0.0,0.0,0.0,0.0,0.0,0.0,0.0
construction 41T43,0.0,0.0,0.0,0.0,0.0,0.0,0.0,0.0,0.0,0.0,0.0,0.0,0.0,0.0,0.0,0.0,0.0,0.0,0.0,0.0,0.0,0.0,0.0,0.0,0.0,0.0,0.0,0.0,0.0,0.0,0.0,0.0,0.0,0.0,0.0,0.0
