Pollutant:,NOX,Unit: grams,,,,,,,,,,,,,,,,,,,,,,,,,,,,,,,,,,
,2015.0,2016.0,2017.0,2018.0,2019.0,2020.0,2021.0,2022.0,2023.0,2024.0,2025.0,2026.0,2027.0,2028.0,2029.0,2030.0,2031.0,2032.0,2033.0,2034.0,2035.0,2036.0,2037.0,2038.0,2039.0,2040.0,2041.0,2042.0,2043.0,2044.0,2045.0,2046.0,2047.0,2048.0,2049.0,2050.0
agriculture and forestry 01T03,0.0,0.0,0.0,0.0,0.0,1992.8153717627401,2006.516290726817,2020.217209690894,2136.307961504812,2181.303977291432,2204.4762898422946,2222.3895066015302,2239.8605179082097,2255.6766393065727,2273.0994700979836,2290.174318901862,2286.03967466463,2287.53505419227,2277.8060970178553,2273.540018064866,2268.6357238610476,2266.809481010164,2264.1866704508584,2264.373601952353,2264.4030271494216,2264.1647785202604,2263.30505928592,2266.715910515845,2268.8913325754033,2272.237395638239,2278.4448983316147,2297.7947424422164,2317.4728702115226,2337.68840561311,2355.1627085811965,2373.1689788332274
coal mining 05,0.0,0.0,0.0,0.0,0.0,23675940.0,24103607.142857146,24369211.447492905,27325743.584350023,24423655.668094426,25575880.6100537,29287386.556707352,30743289.456480455,33389161.773476563,36379495.33966009,37618536.41492264,37898954.76451901,36855756.079857185,36769053.42012829,37081431.18341356,36329365.52312377,36191565.27134618,36626958.439736314,36945797.78401663,37921047.5707497,37112560.96253005,36336654.710030325,35581513.97270795,35593548.660635315,36386792.08052175,36588061.64879796,36837658.46711168,37462236.95135521,37773609.02963011,37877221.04454186,37720628.38796019
oil and gas extraction 06,0.0,0.0,0.0,0.0,0.0,17132212673.179398,17441826053.28597,16525937000.413395,16580065766.447369,17940840236.896553,18250750310.712162,17617199603.81587,17966535160.680984,18530626421.569393,18930437556.797874,19445686412.146286,19813405097.356472,20115806990.301014,20257918483.111492,20313903829.39112,20457825144.15284,20431723300.01078,20479129265.76577,20556637374.369854,20574985932.89744,20914776207.191643,20992070578.981457,21177382058.356236,21227970046.300037,21320425422.836403,21476050331.89377,21648682252.71358,21727657389.427162,21639408807.89093,21738171633.111053,21934322295.041164
other mining and quarrying 07T08,0.0,0.0,0.0,0.0,0.0,0.0,0.0,0.0,0.0,0.0,0.0,0.0,0.0,0.0,0.0,0.0,0.0,0.0,0.0,0.0,0.0,0.0,0.0,0.0,0.0,0.0,0.0,0.0,0.0,0.0,0.0,0.0,0.0,0.0,0.0,0.0
food beverage and tobacco 10T12,0.0,0.0,0.0,0.0,0.0,0.0,0.0,0.0,0.0,0.0,0.0,0.0,0.0,0.0,0.0,0.0,0.0,0.0,0.0,0.0,0.0,0.0,0.0,0.0,0.0,0.0,0.0,0.0,0.0,0.0,0.0,0.0,0.0,0.0,0.0,0.0
textiles apparel and leather 13T15,0.0,0.0,0.0,0.0,0.0,0.0,0.0,0.0,0.0,0.0,0.0,0.0,0.0,0.0,0.0,0.0,0.0,0.0,0.0,0.0,0.0,0.0,0.0,0.0,0.0,0.0,0.0,0.0,0.0,0.0,0.0,0.0,0.0,0.0,0.0,0.0
wood products 16,0.0,0.0,0.0,0.0,0.0,0.0,0.0,0.0,0.0,0.0,0.0,0.0,0.0,0.0,0.0,0.0,0.0,0.0,0.0,0.0,0.0,0.0,0.0,0.0,0.0,0.0,0.0,0.0,0.0,0.0,0.0,0.0,0.0,0.0,0.0,0.0
pulp paper and printing 17T18,0.0,0.0,0.0,0.0,0.0,8980519.353128314,9109836.90349947,9651751.227687666,10001571.222483816,9900983.015472235,9892497.04126424,9930582.3848038,9922850.87717007,9964225.347529072,10032255.187349325,10083778.329253834,10184484.28935725,10281819.321121601,10340284.401722074,10415071.449354256,10487268.890512751,10508084.458365427,10548216.004636154,10649585.852064162,10655288.517160172,10752569.691735696,10888498.192542074,10992456.143513897,11070302.073459964,11112377.53027462,11147696.152530631,11186398.95158083,11184449.083976727,11200694.506639518,11231547.308488848,11268597.988278126
refined petroleum and coke 19,0.0,0.0,0.0,0.0,0.0,582108878.7405092,583780207.9053148,585582305.7851241,541669889.0921564,708734273.733772,744814221.3376102,786981429.9825718,819489219.1530081,814113171.3185952,796998540.951892,792493339.5604044,781303359.7892257,801249253.9287524,805774798.3247429,804426728.3142793,818633828.9569299,820009234.8720657,829489753.9270144,820381488.6853858,820999598.6598787,822448238.0130639,814204862.9427178,821641157.7209123,818235228.1287705,823648878.9582942,826233658.6905789,886925743.8779008,886500172.4132403,848714700.8276582,825630050.0062621,834008678.930096
chemicals 20,0.0,0.0,0.0,0.0,0.0,2059957.8192293844,247783.93949095218,181337.27302016134,202836.81056276645,362771.7491013297,194832.71816229637,89996.64660090877,157792.17613122344,227202.30211545792,289619.683392589,337315.9697999905,371696.2622272324,399567.1214646404,459293.80520529597,511419.92960572947,552087.0529603333,611049.9028664402,665082.534802508,705478.1301826265,742053.2843657503,775604.9655455468,806566.6976464742,866948.5646044302,938510.1624405478,993420.5503896248,1059270.4812057847,1082958.511713849,1103857.3035313222,1117882.4017080402,1151885.2319412818,1197971.7831384994
rubber and plastic products 22,0.0,0.0,0.0,0.0,0.0,0.0,0.0,0.0,0.0,0.0,0.0,0.0,0.0,0.0,0.0,0.0,0.0,0.0,0.0,0.0,0.0,0.0,0.0,0.0,0.0,0.0,0.0,0.0,0.0,0.0,0.0,0.0,0.0,0.0,0.0,0.0
glass and glass products 231,0.0,0.0,0.0,0.0,0.0,0.0,0.0,0.0,0.0,0.0,0.0,0.0,0.0,0.0,0.0,0.0,0.0,0.0,0.0,0.0,0.0,0.0,0.0,0.0,0.0,0.0,0.0,0.0,0.0,0.0,0.0,0.0,0.0,0.0,0.0,0.0
cement and other nonmetallic minerals 239,0.0,0.0,0.0,0.0,0.0,116089373.89981529,121481059.76312073,115834313.29365079,120750766.7324778,137383276.7209019,125028163.57249182,115746188.1825325,110001953.5935068,105316907.23257309,103897718.384866,102297426.43049972,100865463.3361338,99579656.53059486,82611708.24904391,79456288.14878108,75942408.06513062,72594786.92648117,70511878.05154088,68747430.69516097,65894521.16685314,64057018.890828386,62062385.84077929,60339986.03517036,59049438.26413674,58093903.163642325,56593924.51005114,55631308.18389029,54767377.6794151,53848599.57642329,53197831.01518449,52713296.78181119
iron and steel 241,0.0,0.0,0.0,0.0,0.0,1561874.716322374,1579867.4716322373,1863537.6993552765,1814002.49017038,1758480.55228008,1641050.4062100304,1476422.594689228,1414941.8079509647,1434524.855665783,1439163.600171894,1422555.0048253534,1391983.1190004968,1340152.9158006047,1340205.130492764,1363040.2212232845,1369336.6504322905,1383664.66099298,1398938.4751595058,1412064.211795509,1428992.5261834308,1441104.7934968357,1445398.797952008,1459701.2528666286,1486566.2162275934,1502139.001300905,1506840.209978218,1502475.175273081,1484789.3653180078,1464410.579523215,1465297.7567019856,1479022.6332928927
other metals 242,0.0,0.0,0.0,0.0,0.0,720690.505050505,742687.2727272727,753073.6544502618,818049.4432071269,845362.860690235,835962.9560067006,832233.2412020873,850399.5671717374,881308.8113102067,906633.5763387342,928049.9081463087,940311.3756270265,942248.3625116663,941743.9405458391,944110.3567693268,949834.6811181066,958805.6626236264,968503.4946573705,976009.0394224897,981620.5203394097,991378.777602846,998744.1117337919,1004596.7919841703,1014086.1281695942,1024111.5110457077,1029141.3772199567,1030721.5064173352,1032078.2115793935,1034507.5759883812,1037179.3046922729,1036935.86051804
metal products except machinery and vehicles 25,0.0,0.0,0.0,0.0,0.0,0.0,0.0,0.0,0.0,0.0,0.0,0.0,0.0,0.0,0.0,0.0,0.0,0.0,0.0,0.0,0.0,0.0,0.0,0.0,0.0,0.0,0.0,0.0,0.0,0.0,0.0,0.0,0.0,0.0,0.0,0.0
computers and electronics 26,0.0,0.0,0.0,0.0,0.0,0.0,0.0,0.0,0.0,0.0,0.0,0.0,0.0,0.0,0.0,0.0,0.0,0.0,0.0,0.0,0.0,0.0,0.0,0.0,0.0,0.0,0.0,0.0,0.0,0.0,0.0,0.0,0.0,0.0,0.0,0.0
appliances and electrical equipment 27,0.0,0.0,0.0,0.0,0.0,0.0,0.0,0.0,0.0,0.0,0.0,0.0,0.0,0.0,0.0,0.0,0.0,0.0,0.0,0.0,0.0,0.0,0.0,0.0,0.0,0.0,0.0,0.0,0.0,0.0,0.0,0.0,0.0,0.0,0.0,0.0
other machinery 28,0.0,0.0,0.0,0.0,0.0,0.0,0.0,0.0,0.0,0.0,0.0,0.0,0.0,0.0,0.0,0.0,0.0,0.0,0.0,0.0,0.0,0.0,0.0,0.0,0.0,0.0,0.0,0.0,0.0,0.0,0.0,0.0,0.0,0.0,0.0,0.0
road vehicles 29,0.0,0.0,0.0,0.0,0.0,0.0,0.0,0.0,0.0,0.0,0.0,0.0,0.0,0.0,0.0,0.0,0.0,0.0,0.0,0.0,0.0,0.0,0.0,0.0,0.0,0.0,0.0,0.0,0.0,0.0,0.0,0.0,0.0,0.0,0.0,0.0
nonroad vehicles 30,0.0,0.0,0.0,0.0,0.0,0.0,0.0,0.0,0.0,0.0,0.0,0.0,0.0,0.0,0.0,0.0,0.0,0.0,0.0,0.0,0.0,0.0,0.0,0.0,0.0,0.0,0.0,0.0,0.0,0.0,0.0,0.0,0.0,0.0,0.0,0.0
other manufacturing 31T33,0.0,0.0,0.0,0.0,0.0,2029670.3529008632,2046644.9715958033,2225326.874518336,2419524.4430867955,2380082.918431432,2315690.6799915615,2282909.6883306894,2278223.769777355,2286407.0078892997,2320674.0289531555,2362643.788218076,2403450.997309801,2472520.1083568814,2531604.53106968,2592772.8726933347,2644968.8163749664,2676323.8346697344,2716556.8802310363,2775499.4947761917,2811692.4018792985,2866052.7021369603,2919027.163371935,2963928.9356854297,2999438.3080347516,3034410.212743922,3074844.000769623,3144879.813889027,3188591.1308708065,3226440.319310611,3268219.6514447574,3311029.6736775544
energy pipelines and gas processing 352T353,0.0,0.0,0.0,0.0,0.0,137871599.61868447,137343550.04766443,158462471.016893,173275794.87179488,198995618.24354738,202680578.79402566,203836062.79049546,217188002.79912487,233962640.9208485,236591943.31961316,240378753.7913078,237591502.577251,232658968.9493178,224312981.5471593,218724316.21807092,216440577.02496937,216220410.29020935,216406397.82968327,213737550.0196546,214712154.32273626,213674991.20240006,211482489.21993807,211282293.1491563,212482395.19258344,213512950.14390928,214673194.55090114,215398009.61521733,213964882.1302602,213077102.6703657,214131154.94510555,216519828.53184375
water and waste 36T39,0.0,0.0,0.0,0.0,0.0,0.0,0.0,0.0,0.0,0.0,0.0,0.0,0.0,0.0,0.0,0.0,0.0,0.0,0.0,0.0,0.0,0.0,0.0,0.0,0.0,0.0,0.0,0.0,0.0,0.0,0.0,0.0,0.0,0.0,0.0,0.0
construction 41T43,0.0,0.0,0.0,0.0,0.0,0.0,0.0,0.0,0.0,0.0,0.0,0.0,0.0,0.0,0.0,0.0,0.0,0.0,0.0,0.0,0.0,0.0,0.0,0.0,0.0,0.0,0.0,0.0,0.0,0.0,0.0,0.0,0.0,0.0,0.0,0.0
