Pollutant:,SOX,Unit: grams,,,,,,,,,,,,,,,,,,,,,,,,,,,,,,,,,,
,2015.0,2016.0,2017.0,2018.0,2019.0,2020.0,2021.0,2022.0,2023.0,2024.0,2025.0,2026.0,2027.0,2028.0,2029.0,2030.0,2031.0,2032.0,2033.0,2034.0,2035.0,2036.0,2037.0,2038.0,2039.0,2040.0,2041.0,2042.0,2043.0,2044.0,2045.0,2046.0,2047.0,2048.0,2049.0,2050.0
agriculture and forestry 01T03,0.0,0.0,0.0,0.0,0.0,0.0,0.0,0.0,0.0,0.0,0.0,0.0,0.0,0.0,0.0,0.0,0.0,0.0,0.0,0.0,0.0,0.0,0.0,0.0,0.0,0.0,0.0,0.0,0.0,0.0,0.0,0.0,0.0,0.0,0.0,0.0
coal mining 05,0.0,0.0,0.0,0.0,0.0,3784756.0,3853121.4285714286,3895580.037842952,4368201.3041649135,3904283.3075161693,4088474.104689589,4681782.940606264,4914518.6729714265,5337478.907157902,5815503.556089034,6013572.487833511,6058399.220421319,5891636.993410863,5877776.998343089,5927712.655126326,5807489.972513692,5785461.6885377765,5855062.1735205725,5906030.756871476,6061930.901990812,5932688.9567341935,5808655.197374023,5687940.943307436,5689864.767972526,5816669.988499176,5848844.2635712875,5888743.970011402,5988586.982187966,6038361.873553773,6054924.941170491,6029892.566677505
oil and gas extraction 06,0.0,0.0,0.0,0.0,0.0,4618748834.36945,4702218872.113676,4455300299.710625,4469893112.664474,4836750308.470022,4920300333.180843,4749498601.681664,4843677516.387791,4995753369.250925,5103540217.9219885,5242448431.09029,5341583334.508179,5423109195.597641,5461421660.2097845,5476514996.826812,5515315379.327158,5508278467.95407,5521058851.506966,5541954604.61828,5546901273.500363,5638506833.346312,5659344964.206455,5709303903.876721,5722942142.836614,5747867595.885479,5789823202.030437,5836363803.543614,5857655059.238278,5833863734.621856,5860489640.601799,5913370763.340183
other mining and quarrying 07T08,0.0,0.0,0.0,0.0,0.0,0.0,0.0,0.0,0.0,0.0,0.0,0.0,0.0,0.0,0.0,0.0,0.0,0.0,0.0,0.0,0.0,0.0,0.0,0.0,0.0,0.0,0.0,0.0,0.0,0.0,0.0,0.0,0.0,0.0,0.0,0.0
food beverage and tobacco 10T12,0.0,0.0,0.0,0.0,0.0,0.0,0.0,0.0,0.0,0.0,0.0,0.0,0.0,0.0,0.0,0.0,0.0,0.0,0.0,0.0,0.0,0.0,0.0,0.0,0.0,0.0,0.0,0.0,0.0,0.0,0.0,0.0,0.0,0.0,0.0,0.0
textiles apparel and leather 13T15,0.0,0.0,0.0,0.0,0.0,0.0,0.0,0.0,0.0,0.0,0.0,0.0,0.0,0.0,0.0,0.0,0.0,0.0,0.0,0.0,0.0,0.0,0.0,0.0,0.0,0.0,0.0,0.0,0.0,0.0,0.0,0.0,0.0,0.0,0.0,0.0
wood products 16,0.0,0.0,0.0,0.0,0.0,0.0,0.0,0.0,0.0,0.0,0.0,0.0,0.0,0.0,0.0,0.0,0.0,0.0,0.0,0.0,0.0,0.0,0.0,0.0,0.0,0.0,0.0,0.0,0.0,0.0,0.0,0.0,0.0,0.0,0.0,0.0
pulp paper and printing 17T18,0.0,0.0,0.0,0.0,0.0,2596830.6291975966,2634224.4326617178,2790925.805947286,2892080.6770044863,2862994.32613406,2860540.49948157,2871553.357729306,2869317.6946185576,2881281.645440362,2900953.333100954,2915851.9005166017,2944972.301181203,2973117.955328871,2990023.872021643,3011649.4916903833,3032526.293930641,3038545.378355324,3050149.921974126,3079462.294046065,3081111.291705005,3109241.372366102,3148546.815670107,3178607.5705793668,3201117.704714527,3213284.3546261187,3223497.1804604633,3234688.583769919,3234124.7549179224,3238822.3241225686,3247743.8015659647,3258457.473718552
refined petroleum and coke 19,0.0,0.0,0.0,0.0,0.0,450297930.4376954,451590808.95489055,452984845.3205272,419015821.5184084,548250659.5382935,576160774.5179195,608779769.8272576,633926594.9679849,629767882.9088111,616528636.9261571,613043579.5135623,604387424.4253528,619816831.4998361,623317625.5094166,622274808.335574,633264896.7031446,634328859.9232855,641662639.3343734,634616821.7253771,635094968.7739141,636215582.6771094,629838812.162923,635591255.1697893,632956553.8234084,637144354.1708645,639143844.3119587,686092999.962928,685763793.5948607,656534348.250522,638676914.9259474,645158312.8260639
chemicals 20,0.0,0.0,0.0,0.0,0.0,3051643.3266114513,3051433.050796878,2895412.9614444408,3147591.624122906,3411485.558566627,3134930.3665580074,2938933.573984974,3016365.0358771337,3106785.7208549757,3200304.0667896587,3289949.509474917,3354440.9104227694,3419303.761091391,3500517.8787768167,3564787.0329078957,3623470.9873063345,3700286.382995711,3774925.6785944453,3836816.8499323013,3877116.3660470345,3929127.9126333506,3986722.0797107248,4097408.0874285954,4203606.18367512,4284927.651653788,4374643.392994076,4419578.463566431,4432921.109404655,4447489.413577278,4508348.113913716,4585716.7455889685
rubber and plastic products 22,0.0,0.0,0.0,0.0,0.0,0.0,0.0,0.0,0.0,0.0,0.0,0.0,0.0,0.0,0.0,0.0,0.0,0.0,0.0,0.0,0.0,0.0,0.0,0.0,0.0,0.0,0.0,0.0,0.0,0.0,0.0,0.0,0.0,0.0,0.0,0.0
glass and glass products 231,0.0,0.0,0.0,0.0,0.0,0.0,0.0,0.0,0.0,0.0,0.0,0.0,0.0,0.0,0.0,0.0,0.0,0.0,0.0,0.0,0.0,0.0,0.0,0.0,0.0,0.0,0.0,0.0,0.0,0.0,0.0,0.0,0.0,0.0,0.0,0.0
cement and other nonmetallic minerals 239,0.0,0.0,0.0,0.0,0.0,30309064.435510162,31716746.71302836,30242472.22222222,31526078.973346498,35868559.2540866,32642838.346621398,30219464.17608032,28719737.108539112,27496547.01571082,27126019.681586053,26708209.245271936,26334346.761235587,25998643.32851373,21568585.515920527,20744756.185748547,19827338.731452264,18953328.807989635,18409514.87237186,17948846.10639388,17203997.410795044,16724255.182772577,16203488.642233655,15753797.814053606,15416856.591654407,15167381.777910724,14775761.527612718,14524437.91998036,14298879.589805027,14059001.435672274,13889096.253203,13762592.174430083
iron and steel 241,0.0,0.0,0.0,0.0,0.0,635246.6395112015,642564.6639511201,757939.1923990499,737792.2018348624,715210.2853114869,667449.0245082151,600491.5003574193,575485.9971875185,583450.8263266429,585337.4993281732,578582.4412747754,566148.2251812541,545067.8132481893,545089.0500397069,554376.55210239,556937.4396397459,562764.9368547532,568977.1118905656,574315.6195198861,581200.7138972618,586127.0226640871,587873.4827813347,593690.585988349,604617.1203110428,610950.892976846,612862.9714442762,611087.6218603371,603894.438422777,595605.9662052726,595966.7994498184,601548.989647896
other metals 242,0.0,0.0,0.0,0.0,0.0,1305713.4077618287,1345566.1244019137,1364383.6858638744,1482103.7861915366,1531588.960714534,1514558.6522937028,1507801.3291523766,1540714.2303521533,1596714.1557189438,1642596.3825756013,1681397.492608634,1703612.2468980458,1707121.5892970476,1706207.7011309993,1710495.0635559224,1720866.1271403604,1737119.3325738353,1754689.4118574446,1768287.6074264094,1778454.2265497025,1796133.7814431936,1809477.9499316462,1820081.562745619,1837273.8989859843,1855437.419592337,1864550.296280651,1867413.100583684,1869871.1156512676,1874272.5246596078,1879113.037981383,1878671.9771930014
metal products except machinery and vehicles 25,0.0,0.0,0.0,0.0,0.0,0.0,0.0,0.0,0.0,0.0,0.0,0.0,0.0,0.0,0.0,0.0,0.0,0.0,0.0,0.0,0.0,0.0,0.0,0.0,0.0,0.0,0.0,0.0,0.0,0.0,0.0,0.0,0.0,0.0,0.0,0.0
computers and electronics 26,0.0,0.0,0.0,0.0,0.0,0.0,0.0,0.0,0.0,0.0,0.0,0.0,0.0,0.0,0.0,0.0,0.0,0.0,0.0,0.0,0.0,0.0,0.0,0.0,0.0,0.0,0.0,0.0,0.0,0.0,0.0,0.0,0.0,0.0,0.0,0.0
appliances and electrical equipment 27,0.0,0.0,0.0,0.0,0.0,0.0,0.0,0.0,0.0,0.0,0.0,0.0,0.0,0.0,0.0,0.0,0.0,0.0,0.0,0.0,0.0,0.0,0.0,0.0,0.0,0.0,0.0,0.0,0.0,0.0,0.0,0.0,0.0,0.0,0.0,0.0
other machinery 28,0.0,0.0,0.0,0.0,0.0,0.0,0.0,0.0,0.0,0.0,0.0,0.0,0.0,0.0,0.0,0.0,0.0,0.0,0.0,0.0,0.0,0.0,0.0,0.0,0.0,0.0,0.0,0.0,0.0,0.0,0.0,0.0,0.0,0.0,0.0,0.0
road vehicles 29,0.0,0.0,0.0,0.0,0.0,0.0,0.0,0.0,0.0,0.0,0.0,0.0,0.0,0.0,0.0,0.0,0.0,0.0,0.0,0.0,0.0,0.0,0.0,0.0,0.0,0.0,0.0,0.0,0.0,0.0,0.0,0.0,0.0,0.0,0.0,0.0
nonroad vehicles 30,0.0,0.0,0.0,0.0,0.0,0.0,0.0,0.0,0.0,0.0,0.0,0.0,0.0,0.0,0.0,0.0,0.0,0.0,0.0,0.0,0.0,0.0,0.0,0.0,0.0,0.0,0.0,0.0,0.0,0.0,0.0,0.0,0.0,0.0,0.0,0.0
other manufacturing 31T33,0.0,0.0,0.0,0.0,0.0,1723846.9611692815,1738263.9056807184,1890022.6653870535,2054959.2463272742,2021460.6280300438,1966770.7793071663,1938929.1089699378,1934949.2476851207,1941899.4650598972,1971003.2552615057,2006649.1629166256,2041307.6892561514,2099969.7163281855,2150151.511810555,2202103.228835437,2246434.4764059344,2273065.033889119,2307235.909583445,2357297.2640402503,2388036.75473459,2434206.24145616,2479198.7023693197,2517334.83794577,2547493.78643212,2577196.250959448,2611537.6219693003,2671020.691939924,2708145.7456906745,2740291.955237181,2775776.1286332165,2812135.6914696754
energy pipelines and gas processing 352T353,0.0,0.0,0.0,0.0,0.0,43911160.152526215,43742979.980934225,50469211.65948989,55187153.84615385,63378741.42688325,64552376.12275474,64920389.86135642,69172891.302461,74515498.6494483,75352913.4545343,76558986.65271105,75671266.23179568,74100288.05577587,71442148.23248565,69662196.60370068,68934841.3127471,68864719.71571738,68923955.47315256,68073945.72543794,68384350.5205975,68054021.1706274,67355724.30635013,67291963.22901213,67674187.50996666,68002412.20336835,68371942.10011578,68602790.73361373,68146349.44559655,67863597.76830141,68199306.19826993,68960082.37486804
water and waste 36T39,0.0,0.0,0.0,0.0,0.0,0.0,0.0,0.0,0.0,0.0,0.0,0.0,0.0,0.0,0.0,0.0,0.0,0.0,0.0,0.0,0.0,0.0,0.0,0.0,0.0,0.0,0.0,0.0,0.0,0.0,0.0,0.0,0.0,0.0,0.0,0.0
construction 41T43,0.0,0.0,0.0,0.0,0.0,0.0,0.0,0.0,0.0,0.0,0.0,0.0,0.0,0.0,0.0,0.0,0.0,0.0,0.0,0.0,0.0,0.0,0.0,0.0,0.0,0.0,0.0,0.0,0.0,0.0,0.0,0.0,0.0,0.0,0.0,0.0
