Unit: incidents / ton pollutant,2024.0,2025.0,2026.0,2027.0,2028.0,2029.0,2030.0,2031.0,2032.0,2033.0,2034.0,2035.0,2036.0,2037.0,2038.0,2039.0,2040.0,2041.0,2042.0,2043.0,2044.0,2045.0,2046.0,2047.0,2048.0,2049.0,2050.0
Premature mortality,0.000264515,0.0002684,0.000272285,0.00027617,0.000280056,0.000287035,0.000294013,0.000298518,0.000303023,0.000307528,0.000312033,0.000316538,0.000319876,0.000323213,0.00032655,0.000329888,0.000333225,0.000334742,0.000336258,0.000337775,0.000339292,0.000340809,0.000340862,0.000340914,0.000340967,0.000341019,0.000341072
Infant mortality,6.3279e-07,6.26761e-07,6.20732e-07,6.14703e-07,6.08674e-07,4.04068e-07,1.99462e-07,1.98051e-07,1.96641e-07,1.95231e-07,1.9382e-07,1.9241e-07,1.91474e-07,1.90537e-07,1.89601e-07,1.88665e-07,1.87729e-07,1.86604e-07,1.85478e-07,1.84353e-07,1.83227e-07,1.82102e-07,1.8091e-07,1.79718e-07,1.78526e-07,1.77335e-07,1.76143e-07
Asthma symptoms albuturol use,0.535762,0.540973,0.546184,0.551394,0.556605,0.562637,0.568669,0.572824,0.57698,0.581135,0.585291,0.589447,0.590879,0.592311,0.593744,0.595176,0.596609,0.59849,0.600372,0.602253,0.604134,0.606016,0.608135,0.610255,0.612375,0.614494,0.616614
Asthma symptoms chest tightness,0.877189,0.889182,0.901175,0.913167,0.92516,0.934734,0.944309,0.947604,0.950899,0.954195,0.95749,0.960786,0.964607,0.968428,0.972249,0.976071,0.979892,0.984883,0.989875,0.994867,0.999859,1.00485,1.00949,1.01413,1.01876,1.0234,1.02804
Asthma symptoms cough,0.000687607,0.000697008,0.000706409,0.00071581,0.00072521,0.000732715,0.000740221,0.000742804,0.000745387,0.00074797,0.000750553,0.000753136,0.000756132,0.000759127,0.000762123,0.000765118,0.000768113,0.000772026,0.000775939,0.000779852,0.000783765,0.000787678,0.000791314,0.000794949,0.000798585,0.000802221,0.000805856
Asthma symptoms shortness of breath,0.000925946,0.000938605,0.000951264,0.000963923,0.000976583,0.000986689,0.000996796,0.00100027,0.00100375,0.00100723,0.00101071,0.00101419,0.00101822,0.00102226,0.00102629,0.00103032,0.00103436,0.00103963,0.0010449,0.00105016,0.00105543,0.0010607,0.0010656,0.00107049,0.00107539,0.00108029,0.00108518
Asthma symptoms wheeze,0.00141475,0.00143409,0.00145343,0.00147278,0.00149212,0.00150756,0.001523,0.00152832,0.00153363,0.00153895,0.00154426,0.00154958,0.00155574,0.0015619,0.00156806,0.00157423,0.00158039,0.00158844,0.00159649,0.00160454,0.00161259,0.00162064,0.00162813,0.00163561,0.00164309,0.00165057,0.00165805
Asthma incidence,0.0237297,0.0238792,0.0240287,0.0241783,0.0243278,0.0244753,0.0246229,0.0247549,0.024887,0.0250191,0.0251511,0.0252832,0.0254033,0.0255234,0.0256435,0.0257636,0.0258837,0.0259947,0.0261057,0.0262167,0.0263277,0.0264387,0.0265408,0.0266429,0.026745,0.0268471,0.0269492
Hay fever rhinitis incidence,0.152468,0.153903,0.155337,0.156772,0.158206,0.159784,0.161361,0.16258,0.163799,0.165018,0.166236,0.167455,0.168104,0.168753,0.169401,0.17005,0.170699,0.171437,0.172175,0.172913,0.173651,0.174389,0.175152,0.175914,0.176676,0.177438,0.1782
Respiratory emergency room visits,0.00917344,0.00926313,0.00935283,0.00944253,0.00953222,0.00962503,0.00971784,0.00980537,0.00989289,0.00998042,0.010068,0.0101555,0.0102299,0.0103043,0.0103787,0.0104531,0.0105275,0.0105915,0.0106555,0.0107196,0.0107836,0.0108476,0.0109073,0.0109669,0.0110265,0.0110862,0.0111458
Respiratory hospital admissions,1.64093e-05,1.68186e-05,1.7228e-05,1.76373e-05,1.80466e-05,1.84379e-05,1.88293e-05,1.91615e-05,1.94937e-05,1.9826e-05,2.01582e-05,2.04905e-05,2.07126e-05,2.09347e-05,2.11568e-05,2.13789e-05,2.1601e-05,2.172e-05,2.1839e-05,2.19581e-05,2.20771e-05,2.21961e-05,2.22774e-05,2.23587e-05,2.244e-05,2.25213e-05,2.26027e-05
Non-fatal heart attacks,9.04037e-05,9.29883e-05,9.55728e-05,9.81574e-05,0.000100742,0.000103157,0.000105572,0.000107477,0.000109381,0.000111285,0.000113189,0.000115093,0.000116239,0.000117385,0.00011853,0.000119676,0.000120821,0.000121341,0.000121861,0.00012238,0.0001229,0.00012342,0.000123767,0.000124114,0.000124461,0.000124809,0.000125156
Minor restricted activity days,0.0812197,0.0813442,0.0814688,0.0815933,0.0817178,0.0819427,0.0821675,0.0826073,0.0830472,0.083487,0.0839268,0.0843666,0.0849963,0.085626,0.0862558,0.0868855,0.0875152,0.0881448,0.0887744,0.089404,0.0900335,0.0906631,0.0911954,0.0917277,0.09226,0.0927923,0.0933246
Work loss days,0.0137886,0.0138193,0.0138499,0.0138806,0.0139113,0.0139561,0.0140008,0.0140734,0.0141459,0.0142185,0.014291,0.0143636,0.014458,0.0145524,0.0146468,0.0147412,0.0148356,0.0149409,0.0150461,0.0151514,0.0152566,0.0153619,0.0154532,0.0155446,0.015636,0.0157273,0.0158187
Lung cancer incidence,8.13488e-05,8.28875e-05,8.44261e-05,8.59647e-05,8.75034e-05,8.91443e-05,9.07852e-05,9.25318e-05,9.42784e-05,9.60251e-05,9.77717e-05,9.95183e-05,0.000100945,0.000102372,0.000103799,0.000105225,0.000106652,0.000107278,0.000107904,0.000108529,0.000109155,0.000109781,0.000110004,0.000110227,0.00011045,0.000110674,0.000110897
Cardiovascular hospital admissions,2.44994e-05,2.52193e-05,2.59392e-05,2.66591e-05,2.7379e-05,2.80628e-05,2.87466e-05,2.93216e-05,2.98966e-05,3.04716e-05,3.10466e-05,3.16217e-05,3.19812e-05,3.23408e-05,3.27004e-05,3.306e-05,3.34195e-05,3.35836e-05,3.37477e-05,3.39117e-05,3.40758e-05,3.42399e-05,3.43312e-05,3.44225e-05,3.45138e-05,3.46051e-05,3.46964e-05
Alzheimers disease hospital admissions,0.000588737,0.000607771,0.000626805,0.000645839,0.000664873,0.000684997,0.000705121,0.000725055,0.000744989,0.000764922,0.000784856,0.00080479,0.000818599,0.000832408,0.000846217,0.000860026,0.000873836,0.000879792,0.000885748,0.000891704,0.00089766,0.000903616,0.0009046,0.000905585,0.000906569,0.000907553,0.000908538
Parkinsons disease hospital admissions,7.76664e-05,7.96594e-05,8.16524e-05,8.36454e-05,8.56384e-05,8.72774e-05,8.89164e-05,8.99501e-05,9.09837e-05,9.20174e-05,9.30511e-05,9.40847e-05,9.45215e-05,9.49582e-05,9.53949e-05,9.58317e-05,9.62684e-05,9.64734e-05,9.66784e-05,9.68833e-05,9.70883e-05,9.72933e-05,9.76386e-05,9.7984e-05,9.83294e-05,9.86748e-05,9.90202e-05
Stroke incidence,7.00753e-05,7.18892e-05,7.37031e-05,7.5517e-05,7.73309e-05,7.88026e-05,8.02744e-05,8.1139e-05,8.20036e-05,8.28682e-05,8.37328e-05,8.45974e-05,8.49359e-05,8.52744e-05,8.5613e-05,8.59515e-05,8.629e-05,8.64269e-05,8.65637e-05,8.67006e-05,8.68374e-05,8.69742e-05,8.72932e-05,8.76122e-05,8.79313e-05,8.82503e-05,8.85693e-05
Out of hospital cardiac arrest incidence,1.64908e-05,1.67244e-05,1.69581e-05,1.71917e-05,1.74253e-05,1.76413e-05,1.78572e-05,1.80235e-05,1.81899e-05,1.83562e-05,1.85226e-05,1.8689e-05,1.87946e-05,1.89002e-05,1.90058e-05,1.91114e-05,1.92171e-05,1.92965e-05,1.93759e-05,1.94554e-05,1.95348e-05,1.96142e-05,1.97027e-05,1.97911e-05,1.98796e-05,1.9968e-05,2.00565e-05
Cardiac emergency room visits,0.000352492,0.000358717,0.000364941,0.000371165,0.00037739,0.000383449,0.000389509,0.000395292,0.000401076,0.000406859,0.000412642,0.000418426,0.000422878,0.00042733,0.000431782,0.000436234,0.000440686,0.000443533,0.00044638,0.000449227,0.000452073,0.00045492,0.000456877,0.000458834,0.000460791,0.000462747,0.000464704
School loss days,1.97441,1.99514,2.01588,2.03661,2.05735,2.08051,2.10367,2.121,2.13833,2.15567,2.173,2.19033,2.1986,2.20687,2.21513,2.2234,2.23167,2.24167,2.25168,2.26168,2.27169,2.28169,2.29228,2.30287,2.31345,2.32404,2.33463
,,,,,,,,,,,,,,,,,,,,,,,,,,,
Data for lookup functions (based on sheet name),,,,,,,,,,,,,,,,,,,,,,,,,,,
sector pollutant,transportation NO2,,,,,,,,,,,,,,,,,,,,,,,,,,
